{
    "cov_matrix": [
        [
            0.8033787547237079,
            0.5328358210521811,
            0.4100282053219924
        ],
        [
            0.5328358210521811,
            0.6967881074244121,
            0.37979399234850914
        ],
        [
            0.4100282053219924,
            0.37979399234850914,
            0.7580669009682449
        ]
    ],
    "eigenvalues": [
        1.6398047104904996,
        0.40400644944013175,
        0.21442260318573408
    ],
    "visualization": "done"
}