antecedents,consequents,antecedent support,consequent support,support,confidence,lift,representativity,leverage,conviction,zhangs_metric,jaccard,certainty,kulczynski
frozenset({'Onions'}),frozenset({'Tomatoes'}),0.75,0.75,0.5,0.6666666666666666,0.8888888888888888,1.0,-0.0625,0.7499999999999999,-0.3333333333333333,0.5,-0.3333333333333335,0.6666666666666666
frozenset({'Tomatoes'}),frozenset({'Onions'}),0.75,0.75,0.5,0.6666666666666666,0.8888888888888888,1.0,-0.0625,0.7499999999999999,-0.3333333333333333,0.5,-0.3333333333333335,0.6666666666666666
frozenset({'Tomatoes'}),frozenset({'Garlic'}),0.75,0.75,0.5,0.6666666666666666,0.8888888888888888,1.0,-0.0625,0.7499999999999999,-0.3333333333333333,0.5,-0.3333333333333335,0.6666666666666666
frozenset({'Garlic'}),frozenset({'Tomatoes'}),0.75,0.75,0.5,0.6666666666666666,0.8888888888888888,1.0,-0.0625,0.7499999999999999,-0.3333333333333333,0.5,-0.3333333333333335,0.6666666666666666
frozenset({'Onions'}),frozenset({'Garlic'}),0.75,0.75,0.5,0.6666666666666666,0.8888888888888888,1.0,-0.0625,0.7499999999999999,-0.3333333333333333,0.5,-0.3333333333333335,0.6666666666666666
frozenset({'Garlic'}),frozenset({'Onions'}),0.75,0.75,0.5,0.6666666666666666,0.8888888888888888,1.0,-0.0625,0.7499999999999999,-0.3333333333333333,0.5,-0.3333333333333335,0.6666666666666666
